,Row.names,log2FoldChange.x,Kingdom,Phylum,Class,Order,Family,Genus,Species
1,GACGGAGGATGCAAGTGTTATCCGGAATCACTGGGCGTAAAGCGTCTGTAGGTGGTTTAATAAGTCAACTGTTAAATCTTGAGGCTCAACTTCAAAATCGCAGTCGAAACTATTAGACTAGAGTATAGTAGAGGTAAAGGGAATTTCCAGTGGAGCGGTGAAATGCGTAGATATTGGAAAGAACACCGATGGCGAAAGCACTTTACTGGGCTATTACTAACACTCAGAGACGAAAGCTAGGGTAGCAAATGGG,1.151569799,Bacteria,Cyanobacteria,Cyanobacteriia,Chloroplast,Order Chloroplast,Order Chloroplast,Order Chloroplast
2,GACGGAGGATGCAAGTGTTATCCGGAATCACTGGGCGTAAAGCGTCTGTAGGTGGTTTAATAAGTCGGCTGTTAAATCTTGAGGCTTAACTTCAAAACTGCAGTCGAAACTATTAGACTAGAGTATAGTAGGGGTAAAGGGAATTTCCAGTGGAGCGGTGAAATGCGTAGATATTGGAAAGAACACCGATGGCGAAGGCACTTTACTGGGCTATTACTGACACTCAGAGACGAAAGCTAGGGTAGCAAATGGG,2.527042161,Bacteria,Cyanobacteria,Cyanobacteriia,Chloroplast,Order Chloroplast,Order Chloroplast,Order Chloroplast
3,TACATAGGGTGCAAGCGTTATCCGGAATTATTGGGCGTAAAGCGTGCGTAGGCGGTTTACTAAGTCTGAAGTTAAAGCCTGGGGCTCAACCCCAGCCCGCTTTGGATACTGGTAGACTAGAGTTATATAGAGGTTAGCGGAACTCCATGTGAAGCGGTGGAATGCGTAGATATATGGAAGAACACCAAGAGCGAAGGCAGCTAACTGGATATACACTGACGCTGAGGCACGAAAGCGTGGGGAGCAAACAGG,2.379823871,Bacteria,Firmicutes,Bacilli,Mycoplasmatales,Mycoplasmataceae,Mycoplasma,Genus Mycoplasma
4,TACATAGGGTGCAAGCGTTATCCGGAATTATTGGGCGTAAAGCGTTCGTAGGCGGTTTATTAAGTCTGAAGTTAAAGCTCGGTGCTCAACACCGACCCGCTTTGGATACTGATAGACTAGAGTTATATAGAGGTTAGCGGAACTCCATGTGAAGCGGTGGAATGCGTAGATATATGGAAGAACACCAATGGCGAAGGCAGCTAACTGGATATACACTGACGCTGAGGAACGAAAGCGTGGGGAGCAAACAGG,0.709474117,Bacteria,Firmicutes,Bacilli,Mycoplasmatales,Mycoplasmataceae,Mycoplasma,Genus Mycoplasma
5,TACATAGGGTGCAAGCGTTATCCGGAATTATTGGGCGTAAAGCGTTCGTAGGTGGTCAAGAAAGTCTGAAGTTAAAGCTCGGGGCTCAACCCCGACCCGCTTTGGAAACTACTTGACTAGAGTCATGAAGAGGTTAGCGGAACTCCATGTGAAGCGGTGGAATGCGTAGATATATGGAAGAACACCAATGGCGAAGGCAGCTAACTGGGAATGAACTGACACTGAGGGACGAAAGCGTGGGGAGCAAACAGG,0.953930662,Bacteria,Firmicutes,Bacilli,Mycoplasmatales,Mycoplasmataceae,Mycoplasma,Genus Mycoplasma
6,TACGAGGGGTGCAAGCGTTAATCGGAATTACTGGGCGTAAAGCGTACGCAGGCGGTTGATTAAGCGAGATGTGAAAGCCCCGGGCTTAACCTGGGAACTGCATTTCGAACTGGTCAACTAGAGTCTTGTAGAGGGGGGTAGAATTTCAGGTGTAGCGGTGAAATGCGTAGAGATCTGAAGGAATACCGGTGGCGAAGGCGGCCCCCTGGACAAAGACTGACGCTCAGGTACGAAAGCGTGGGGAGCAAACAGG,1.33878876,Bacteria,Proteobacteria,Gammaproteobacteria,Alteromonadales,Shewanellaceae,Shewanella,Genus Shewanella
7,TACGGAGGGTGCAAGCATTAATCGGGATTATTAGGCGTAAAGGGTGCGTAGGCGGCTATGTAAGTCAAATGTGAAATCCTGGGGCTTAACCCCAGGGCTGCATTTGAAACTGCATGACTAGAGGATGGACGGAGGAAGCGGAATTCTACATGTAGCGGTGAAATGCGTGGATATGTAGAAGAACACCGGTGGCGAAAGCGGCTTTCTAGTTTAATCCTGACGCTGAGGCACGATAGCAGGGGGAGCAAACAGG,3.44221333,Bacteria,Verrucomicrobiota,Chlamydiae,Chlamydiales,Order Chlamydiales,Order Chlamydiales,Order Chlamydiales
8,TACGGAGGGTGCAAGCGTTACTCGGAATCACTGGGCGTAAAGAGCGTGTAGGCGGGTTTGTAAGTTTGAAGTGAAATCCAATGGCTCAACCATTGAACTGCTTTGAAAACTGCTTACCTAGAATATGGGAGAGGTAGATGGAATTTCTGGTGTAGGGGTAAAATCCGTAGAGATCAGAAGGAATACCGATTGCGAAGGCGATCTACTGGAACATTATTGACGCTGAGACGCGAAAGCGTGGGGAGCAAACAGG,2.046393464,Bacteria,Campilobacterota,Campylobacteria,Campylobacterales,Arcobacteraceae,Poseidonibacter,lekithochrous
9,TACGTATGTCGCAAGCGTTATCCGGAATTATTGGGCGTAAAGCGAGTCTAGGCGGTTTGTTAAGTCAGATGTGAAAATGCGGGGCTCAACTCCGTATGGCCTTTGATACTGGCAAACTAGAGTACTGGAGAGGTGGGCGGAACTACAAGTGTAGAGGTGAAATTCGTAGATATTTGTAGGAATGCCGATAGTGAAGACAGCTCACTGGACAGATACTGACGCTAAAGCTCGAAAGCGTGGGGAGCAAACAGG,0.947040971,Bacteria,Fusobacteriota,Fusobacteriia,Fusobacteriales,Fusobacteriaceae,Psychrilyobacter,Genus Psychrilyobacter
10,TTCCAGCTCCAATAGCGTATACTAATGTTGTTGCAGTTAAAAAGCTCGTAGTTGAAATTATATCTCATCAGAGATCAACCTTTATGGTGATTATTGTGAATAAATTAGAGTGTTTCAGGCAGACTACGTTTGAATACATAAGCATGGAATAATAAAATATGAATTTTTAATTTTGGTTTTAAATTTTAATGATTAATAGAAGCAATTGGGGGCATTCGTATTTAATAGTCAGAGGTAAAATTCTTGGATTTATTAAAGACGAACTAAAGCGAAAGCATTTGTCAAAGATGTTTTCATTAATCAAGAACGAAAGTTAGGGGATCAAAGACG,2.066170196,Eukaryota,Kingdom Eukaryota,Kingdom Eukaryota,Kingdom Eukaryota,Kingdom Eukaryota,Kingdom Eukaryota,Kingdom Eukaryota
