Kingdom,Phylum,Class,Order,Family,Genus.x,Genus.y,Species
TACGTATGGGGCAAACGTTGTTCGGATTCACTGGGCGTAAAGAGTACGTAGGCTGTCGAGACAGTCAATGATCAAATCCCGTAGCTTAACTACGTGGTCGTTGTTGATACTACTCGACTAGAGTTTTATAGAGGTAGCGGGAATTCCTGGTGTAGGGGTGAAATCTGTTGATATCAGGAGGAACACCAAAGGCGAAGGCAAGCTACTGGGTAAAAACTGACGCTGAGGTACGAAAGCCAGGGGAGCAAATGGG,Bacteria,Spirochaetota,Spirochaetia,Spirochaetales,Spirochaetaceae,NA,NA,NA
TACGGAGGGGGCTAGCGTTGTTCGGAATTACTGGGCGTAAAGCGCGCGTAGGCGGCTGTCCAAGTCAGGGGTGAAAGCCCGCGGCTCAACCGCGGAACTGCCCTTGAAACTGGACGGCTTGAACACGGGAGAGGTGAGTGGAATTCCGAGTGTAGAGGTGAAATTCGTAGATATTCGGAAGAACACCAGTGGCGAAGGCGACTCACTGGACCGTAGTTGACGCTGAGGCGCGAAAGCGTGGGGAGCGAACAGG,Bacteria,Proteobacteria,Alphaproteobacteria,Sphingomonadales,Sphingomonadaceae,Sphingoaurantiacus,NA,NA
TACGGAGGATGCAAGTGTTATCCGGATTTATTGGGTTTAAAGGGTGCGTAGGTGGTCTGGTAAGTCAGAGGTGAAAGACGGTGGCTCAACCATCGCAGTGCCCTTGATACTATTGGACTAGATTACATTGGAAGTAGGCGGAATGTGCGGTGTAGCGGTGAAATGCGCAGATATCGCACGGAACACCAATAGCGAAAGCAGCTTACTATACTGTTAATGACACTGAGGCACGAAAGCGTGGGTAGCAAATAGG,Bacteria,Bacteroidota,Bacteroidia,NA,NA,NA,NA,NA
TACATAGGGTGCAAGCGTTATCCGGAATTATTGGGCGTAAAGCGTTCGTAGGTTGTCTAGTAAGTCTGAAGTTAAAGCCCGGGGCTCAACCCCGGCCCGCTTTGGAAACTACTAGACTAGAGTCGTGAAGAGGTAAATGGAACTCCATGTGAAGCGGTGGAATGCGTAGATATATGGAAGAACACCAATGGCGAAGGCAATTTACTGGTAACGAACTGACACTGAGGAACGAAAGCGTGGGGAGCAAACAGG,Bacteria,Firmicutes,Bacilli,Mycoplasmatales,Mycoplasmataceae,Mycoplasma,NA,NA
TACGAAGGGGGCTAGCGTTGTTCGGAATTACTGGGCGTAAAGCGCACGTAGGCGGACCGTTAAGTGAGGGGTGAAATCCCAGGGCTCAACCCTGGAACTGCCTTTCATACTGACGGTCTCGAGTTCGAGAGAGGTGAGTGGAATTCCGAGTGTAGAGGTGGAATTCGTAGATATTCGGAGGAACACCAGTGGCGAAGGCGGCTCACTGGCTCGATACTGACGCTGAGGTGCGAAAGCGTGGGGAGCAAACAGG,Bacteria,Proteobacteria,Alphaproteobacteria,Rhizobiales,Rhizobiaceae,NA,NA,NA
TACGAAGGGGGCAAGCGTTGTTCGGAATTACTGGGCGTAAAGCGCACGCAGGCGGATATTTAAGTTAGAGGTGAAATCCCTGGGCTCAACCCAGGAACTGCCTTTAATACTGGATATCTTGAGTACGTGAGGGGATAGCGGAATACCTAGTGTAGAGGTGAAATTCGTAGATATTAGGTGGAACATCAGAGGCGAAGGCGGCTATCTGGCACGTAACTGACGCTCATGTGCGAAAGCGTGGGGAGCAAATAGG,Bacteria,Proteobacteria,Alphaproteobacteria,NA,NA,NA,NA,NA
TACGTAGGTGGCAAGCGTTGTCCGGAATTATTGGGCGTAAAGCGCGCGCAGGCGGCCTCTTAAGTCTGATGTGAAAGCCCCCGGCTCAACCGGGGAGGGCCATTGGAAACTGGGAGGCTTGAGTATAGGAGAGAAGAGTGGAATTCCACGTGTAGCGGTGAAATGCGTAGAGATGTGGAGGAACACCAGTGGCGAAGGCGACTCTTTGGCCTATAACTGACGCTGAGGCGCGAAAGCGTGGGGAGCAAACAGG,Bacteria,Firmicutes,Bacilli,Exiguobacterales,Exiguobacteraceae,Exiguobacterium,Exiguobacterium,NA
TACGGAGGGTGCAAGCGTTGTCCGGATTTATTGGGTTTAAAGGGTGCGTAGGCGGTATATTAAGTCAGAGGTGAAATCCCACAGCTCAACTGTGGCACTGCCTTTGATACTGGTATACTTGAGTACAGACGAGGTAGGCGGAATTTATGGTGTAGCGGTGAAATGCATAGATACCATAAAGAACACCGATAGCGAAGGCAGCTTACTAGACTGTTACTGACGCTGATGCACGAAAGCGTGGGGAGCGAACAGG,Bacteria,Bacteroidota,Bacteroidia,Cytophagales,Cyclobacteriaceae,NA,NA,NA
TACGTAGGGTGCGAGCGTTAATCGGAATTACTGGGCGTAAAGCGTGCGCAGGCGGTTGTGTAAGACAGGTGTGAAATCCCCGGGCTTAACCTGGGAACTGCGCTTGTGACTGCACAGCTAGAGTACGGCAGAGGGGGGTGGAATTCCACGTGTAGCAGTGAAATGCGTAGAGATGTGGAGGAACACCGATGGCGAAGGCAGCCCCCTGGGCCTGTACTGACGCTCATGCACGAAAGCGTGGGGAGCAAACAGG,Bacteria,Proteobacteria,Gammaproteobacteria,Burkholderiales,Rhodocyclaceae,Denitromonas,NA,NA
TACGGAGGGGGCTAGCGTTGTTCGGAATTACTGGGCGTAAAGCGCACGTAGGCGGATTGGAAAGTTGGGGGTGAAATCCCGGGGCTCAACCTCGGAACTGCCTCCAAAACTATCAGTCTTGAGTTCGAGAGAGGTGAGTGGAATTCCGAGTGTAGAGGTGAAATTCGTAGATATTCGGAGGAACACCAGTGGCGAAGGCGGCTCACTGGCTCGATACTGACGCTGAGGTGCGAAAGCGTGGGGAGCAAACAGG,Bacteria,Proteobacteria,Alphaproteobacteria,Rhodobacterales,Rhodobacteraceae,Defluviimonas,NA,NA
TTCCAGCTCCAATAGCGTATATTAAAGTTGTTGCAGTTAAAAAGCTCGTAGTTGGATCTCGGGTCCAGGCTTGTGGTCCGCCGCATGGCGGTTACTGCTCGTCCTGACCTACCTCCTGGTTTGCCCTTGGTGCTCTTGACTGAGTGTCTCGGGTGGCCAGAACGTTTACTTTGAAAAAATTAGAGTGTTCAAAGCAGGCAATTCGCCTGAATAATGGTGCATGGAATAATGGAATAGGACCTCGGTTCTATTTTGCTGGTTTTCGGAGCTTGAGGTAATGATTAAGAGGGACTGACGGGGGCATTCGTATTACGGTGTTAGAGGTGAAATTCTTGGATCGCCGTAAGACGAACTACTGCGAAAGCATTTGCCAAGAATGTTTTCATTAGTCAAGAACGAAAGTCAGAGGTTCGAAGACG,Eukaryota,NA,NA,NA,NA,NA,NA,NA
TACAGAGGATGCAAGCGTTATCCGGAATGATTGGGCGTAAAGCGTCTGTAGGTGGCTTTTTAAGTCCGCCGTCAAATCCCAGGGCTCAACCCTGGACAGGCGGTGGAAACTACCAAGCTGGAGTACGGTAGGGGCAGAGGGAATTTCCGGTGGAGCGGTGAAATGCGTAGAGATCGGAAAGAACACCAACGGCGAAAGCACTCTGCTGGGCCGACACTGACACTGAGAGACGAAAGCTAGGGGAGCGAATGGG,Bacteria,Cyanobacteria,Cyanobacteriia,Chloroplast,NA,NA,NA,NA
CACGGGGGGCGCAAGCGTTATTCGGAATTATTGGGCGTAAAGGGCGCGTAGGCGGTTTTGTCGGTCAGATGTGAAAGCCCGGGGCTCAACCCCGGACGTGCATTTGAAACAGCAAGACTTGAGTACGGGAGAGGAAAGCGGAATTCCTGGTGTAGAGGTGAAATTCGTAGATATCAGGAGGAACACCGATGGCGAAGGCAGCTTTCTGGACCGATACTGACGCTGAGGCGCGAAGGCGTGGGTAGCGAACGGG,Bacteria,Desulfobacterota,Desulfobacteria,Desulfobacterales,Desulfobacteraceae,NA,NA,NA
TACGGAGGGGGCTAGCGTTGTTCGGAATTACTGGGCGTAAAGCGCGCGTAGGCGGATTGGAAAGTCAGAGGTGAAATCCCGGGGCTCAACCCCGGAACTGCCTTTGAAACTCCCAGTCTTGAGTTCGAGAGAGGTGAGTGGAATTCCGAGTGTAGAGGTGAAATTCGTAGATATTCGGAGGAACACCAGTGGCGAAGGCGGCTCACTGGCTCGATACTGACGCTGAGGTGCGAAAGCGTGGGGAGCAAACAGG,Bacteria,Proteobacteria,Alphaproteobacteria,Rhodobacterales,Rhodobacteraceae,NA,NA,NA
TACGAAGGGTGCAAGCGTTACTCGGAATTACTGGGCGTAAAGCGTGCGCAGGCGGTGGTTTAAGTCTGATGTGAAAGCCCCGGGCTCAACCTGGGAATGGCATTGGATACTGGATCACTAGAGTGCGGTAGAGGGTGGTGGAATTTCCGGTGTAGCGGTGAAATGCGTAGAGATCGGAAGGAACATCTGTGGCGAAGGCGGCCACCTGGACCAGCACTGACGCTCATGCACGAAAGCGTGGGGAGCAAACAGG,Bacteria,Proteobacteria,Gammaproteobacteria,Xanthomonadales,Xanthomonadaceae,Rehaibacterium,NA,NA
TACGTAGGGTGCAAGCGTTGTCCGGATTTATTGGGTTTAAAGGGTGCGTAGGCGGGCTATTAAGTCAGTGGTGAAATCCAGCAGCTTAACTGTTGATGTGCCATTGATACTGGTAGTCTTGAGTACAGATGAGGTAGGCGGAATTGACAGTGTAGCGGTGAAATGCATAGATATTGTCAAGAACTCCGATAGCGAAGGCAGCTTACTGGGCTGTAACTGACGCTGATGCACGAAAGTGTGGGGATCAAACAGG,Bacteria,Bacteroidota,Bacteroidia,Cytophagales,Microscillaceae,NA,NA,NA
TACGTAGGGGGCAAGCGTTGTCCGGATTTACTGGGTGTAAAGGGCGCGCAGGCGGGTTTGTAAGTCAGAGGTGAAATCTCACGGCTTAACCGTGAAACTGCCTTTGATACTGCAAATCTTGAGTTTGGGAGGGAGAGACGGAATTCCAGGTGTAGTGGTGAAATACGTAGATATCTGGAAGAACACCAGTGGCGAAGGCGGTCTCTTGGCCCACAACTGACGCTGAGGCGCGAAAGCGTGGGTAGCGAACAGG,Bacteria,Bacteroidota,Ignavibacteria,Ignavibacteriales,Melioribacteraceae,IheB3-7,NA,NA
TACGGAGGGGGCTAGCGTTGTTCGGAATTACTGGGCGTAAAGCGCACGTAGGCGGACTGGAAAGTTGGAGGTGAAATCCCAGGGCTCAACCTTGGAACTGCCTTCAAAACTATCAGTCTGGAGTTCGAGAGAGGTGAGTGGAATTCCGAGTGTAGAGGTGAAATTCGTAGATATTCGGAGGAACACCAGTGGCGAAGGCGGCTCACTGGCTCGATACTGACGCTGAGGTGCGAAAGCGTGGGGAGCAAACAGG,Bacteria,Proteobacteria,Alphaproteobacteria,Rhodobacterales,Rhodobacteraceae,Paracoccus,Paracoccus,NA
TACGGAGGGGGCTAGCGTTGTTCGGAATTACTGGGCGTAAAGCGCGCGTAGGCGGACCAGAAAGTTGGGGGTGAAATCCCGGGGCTCAACCTCGGAACTGCCTTCAAAACTCCTGGTCTGGAGTTCGAGAGAGGTGAGTGGAATTCCGAGTGTAGAGGTGAAATTCGTAGATATTCGGAGGAACACCAGTGGCGAAGGCGGCTCACTGGCTCGATACTGACGCTGAGGTGCGAAAGCGTGGGGAGCAAACAGG,Bacteria,Proteobacteria,Alphaproteobacteria,Rhodobacterales,Rhodobacteraceae,NA,NA,NA
TACGTAAGGGGCGAGCGTTGTTCGGAATTATTGGGCGTAAAGGGCGTGTAGGCGGTCTTGAAAGTCTGGAGTTAAAGACCACAGCTTAACTGTGGGAGTGCTTCGGAAACTGCAAGACTAGAATCTAGCAGGGGTAATCGGAATTTCTAGTGTAGGGGTGAAATCTGTTGATATTAGAAAGAACACCAGAGGCGAAGGCGGATTACTGGGTTAAGATTGACGCTGAGGCGCGAAAGCGTAGGTAGCAAACAGG,Bacteria,Spirochaetota,Spirochaetia,Spirochaetales,Spirochaetaceae,NA,NA,NA
TACGGAGGGTGCAAGCGTTAATCGGAATTACTGGGCGTAAAGCGCGCGTAGGCGGATACTTAAGTCGGATGTGAAAGCCCCGGGCTCAACCTGGGAATTGCATTCGATACTGAGTATCTGGAGTATAGTAGAGGGGGGTGGAATTTCCGGTGTAGCGGTGAAATGCGTAGAGATCGGAAGGAACATCAGTGGCGAAGGCGGCCCCCTGGACTAATACTGACGCTGAGGTGCGAAAGCGTGGGGAGCAAACAGG,Bacteria,Proteobacteria,Gammaproteobacteria,NA,NA,NA,NA,NA
TACGTAGGGTGCGAGCGTTAATCGGAATTACTGGGCGTAAAGCGTGCGCAGGCGGATTGTTAAGCAAGATGTGAAATCCCCGGGCTTAACCTGGGAACTGCATTTTGAACTGGCAGTCTAGAGTGTGTCAGAGGGGGGTGGAATTCCACGTGTAGCAGTGAAATGCGTAGAGATGTGGAGGAACACCGATGGCGAAGGCAGCCCCCTGGGATAACACTGACGCTCATGTACGAAAGCGTGGGGAGCAAACAGG,Bacteria,Proteobacteria,Gammaproteobacteria,Burkholderiales,Hydrogenophilaceae,Thiobacillus,NA,NA
TACGGAGGGTGCAAGCATTACTCGGGATTATTAGGCGTAAAGGGTGCGTAGGCGGCTATGTAAGTCAAATGTGAAATCCTGGGGCTTAACCCCAGGGCTGCATTTGAAACTGCATGACTAGAGGATGGACGGAGGAAGCGGAATTCTACATGTAGCGGTGAAATGCGTGGATATGTAGAAGAACACCGGTGGCGAAAGCGGCTTCCTAGTTTAATCCTGACGCTGAGGCACGATAGCAGGGGGAGCAAACAGG,Bacteria,Verrucomicrobiota,Chlamydiae,Chlamydiales,NA,NA,NA,NA
TACGGGGGGTGCAAGCGTTATTCGGAATCATTGGGCGTAAAGAGCACGTAGGCGGCCTGGTAAGTCAGATGTGAAAGCCCGGGGCTTAACCCCGGAAGTGCATTTGATACTGTCAGGCTTGAGTATGGGAGAGGGAAGTGGAATTCCTGGTGTAGAGGTGAAATTCGTAGATATCAGGAGGAACACCGGTGGCGAAGGCGACTTCCTGGACCAATACTGACGCTGAGGTGCGAAGGCGTGGGTAGCAAACAGG,Bacteria,Desulfobacterota,Desulfobacteria,Desulfobacterales,Desulfosarcinaceae,Desulfosarcina,Desulfosarcina,variabilis
TACAGAGGTCTCAAGCGTTGTTCGGATTCATTGGGCGTAAAGGGTGCGTAGGTGGCGATGTAAGTCGGGTGTGAAATCTCCAAGCTTAACTTGGAAACTGCATTCGATACTGCGTCGCTCGAGGACTGTAGAGGGCATTGGAATTCACGGTGTAGCAGTGAAATGCGTAGATATCGTGAGGAAGACCAGTGGCGAAGGCGAATGCCTGGGCAGTTCCTGACACTGAGGCACGAAGGCCAGGGGAGCAAACGGG,Bacteria,Verrucomicrobiota,Verrucomicrobiae,Chthoniobacterales,Chthoniobacteraceae,LD29,NA,NA
TACGGAAGGTGCAAGCGTTAATCGGAATTACTGGGCGTAAAGCGCACGTAGGTGGTTTGGTAAGTCGGATGTGAAAGCCCCGGGCTCAACCTGGGAATTGCATTCGATACTGCCAGACTAGAGTATGTTAGAGGGAAGTGGAATTCCGGGTGTAGCGGTGAAATGCGTAGATATCCGGAGGAACACCAATGGCGAAGGCAACTTCCTGGGACAATACTGACACTGAGGTGCGAAAGCATGGGTAGCAAACAGG,Bacteria,Proteobacteria,Gammaproteobacteria,NA,NA,NA,NA,NA
TACGGGGGGGGCAAGCGTTATTCGGAATTACTGGGCGTAAAGGGCGCGTAGGCGGTCCGTTAAGTGAGAAGTGAAAGCCCATGGCTCAACCATGGATGTGCTTCTCATACTGGCGAACTAGAGTATGGGAGAGGAAAGTGGAATTCCCGGTGTAGCGGTGAAATGCGTAGAGATCGGGAGGAACACCAGTGGCGAAGGCGACTTTCTGGACCAACACTGACGCTGAGGCGCGAAAGCGTGGGGAGCAAACAGG,Bacteria,Acidobacteriota,Holophagae,Acanthopleuribacterales,Acanthopleuribacteraceae,Acanthopleuribacter,NA,NA
TACGGAGGGTGCAAGCGTTATCCGGAATCATTGGGTTTAAAGGGTCCGTAGGCGGGTCATTAAGTCAGAGGTGAAATCCTACAGCTTAACTGTAGAACTGCCTTTGATACTGGTGGTCTTGAGTTTTAGTGAAGTAGATAGAATATGTAGTGTAGCGGTGAAATGCATAGATATTACATAGAATACCGATTGCGAAGGCAGTCTACTAACTAACAACTGACGCTAATGGACGAAAGCGTGGGGAGCGAACAGG,Bacteria,Bacteroidota,Bacteroidia,Flavobacteriales,Flavobacteriaceae,Maritimimonas,NA,NA
TACGGATGGTGCGAGCGTTAATCGGAATTACTGGGCGTAAAGCGCACGTAGGTGGTTTGTTAAGTCGGATGTGAAATCCCAGGGCTCAACCTTGGAATTGCATCCGATACTGGCAGGCTAGAGTACGAGAGAGGGAGGTAGAATTTCAGGTGTAGCGGTGAAATGCGTAGAGATCTGAAGGAATACCGGTGGCGAAGGCGGCCTCCTGGCTTGATACTGACACTGAGGTGCGAAAGCGTGGGGAGCAAACAGG,Bacteria,Proteobacteria,Gammaproteobacteria,Oceanospirillales,NA,NA,NA,NA
TACGGAGGGTGCGAGCGTTAATCGGAATTACTGGGCGTAAAGCGCATGCAGGCGGTCTGTTAAGTCAGATGTGAAAGCCCCGGGCTTAACCTGGGAACTGCATTTGATACTGGCAGACTAGAGTCTGGTAGAGGGAAGTGGAATTCCACATGTAGCGGTGAAATGCGTAGAGATGTGGAGGAACACCAGCGGCGAAGGCGACTTCCTGGACCAAGACTGACGCTCAGATGCGAAAGCGTGGGGAGCAAACAGG,Bacteria,Proteobacteria,Gammaproteobacteria,UBA10353 marine group,NA,NA,NA,NA
TACGGAGGGTGCAAGCGTTGTTCGGAATCACTGGGCGTAAAGGGCGCGCAGGCGGCTCTGCAAGTCAGATGTGAAAGCCCACGGCTCAACCGTGGAAGTGCATTTGAAACTGCTTGGCTTGAGTATCAGAGGGGAAGGTGGAATTCCCGGTGTAGAGGTGAAATTCGTAGATATCGGGAGGAATACCGGTGGCGAAGGCGACTTTCTGGCTGAATACTGACGCTGAGGCGCGAAAGCGTGGGGAGCAAACAGG,Bacteria,Desulfobacterota,Desulfobulbia,Desulfobulbales,Desulfobulbaceae,Candidatus Electrothrix,NA,NA
TACGGAGGGTGCAAGCGTTATCCGGATTTATTGGGTTTAAAGGGTCCGTAGGCGGACTGATAAGTCAGTGGTGAAATCCGACAGCTTAACTGTCGAACTGCCGTTGATACTGTTAGTCTTGAGTAAGGTTGAAGTGGCTGGAATAAGTAGTGTAGCGGTGAAATGCATAGATATTACTTAGAACACCAATTGCGAAGGCAGGTCACTAAGTCTTAACTGACGCTGATGGACGAAAGCGTGGGGAGCGAACAGG,Bacteria,Bacteroidota,Bacteroidia,Flavobacteriales,Weeksellaceae,Elizabethkingia,NA,NA
TACGAAGGGGGCTAGCGTTGTTCGGATTTACTGGGCGTAAAGCGCACGTAGGCGGATCTTTAAGTCAGAGGTGAAATCCCGGAGCTCAACTTCGGAACTGCCTTTGATACTGGAGATCTCGAGTCCGGGAGAGGTGAGTGGAACTGCGAGTGTAGAGGTGAAATTCGTAGATATTCGCAAGAACACCAGTGGCGAAGGCGGCTCACTGGCCCGGTACTGACGCTGAGGTGCGAAAGCGTGGGGAGCAAACAGG,Bacteria,Proteobacteria,Alphaproteobacteria,Rhizobiales,Beijerinckiaceae,alphaI cluster,NA,NA
TACGAAGGTCCCGAGCGTTGTTCGGAATCACTGGGCGTAAAGGGAGCGTAGGCGGCGTGGTAAGTCAGATGTGAAATCCCGGGGCTCAACCCCGGAACTGCATCCGATACTGCCGTGCTAGAGCAATGGAGGGGTAGCCGGAATTCTCGGTGTAGCAGTGAAATGCGTGGATATCGAGAGGAACACTCGTGGCGAAGGCGGGCTACTGGACATTTGCTGACGCTGAGGCTCGAAGGCCGGGGGAGCGAAAGGG,Bacteria,Verrucomicrobiota,Verrucomicrobiae,Verrucomicrobiales,Rubritaleaceae,Luteolibacter,NA,NA
TACGAAGGGGGCTAGCGTTGTTCGGAATCACTGGGCGTAAAGCGCACGTAGGCGGATTGATAAGTCAGGGGTGAAATCCCGGGGCTCAACCCTGGAACTGCCTTTGATACTGTCAGTCTTGAGTCCGAGAGAGGTGAGTGGAACTCCGAGTGTAGAGGTGAAATTCGTAGATATTCGGAAGAACACCAGTGGCGAAGGCGGCTCACTGGCTCGGTACTGACGCTGAGGTGCGAAAGCGTGGGGAGCAAACAGG,Bacteria,Proteobacteria,Alphaproteobacteria,Rhizobiales,Stappiaceae,Labrenzia,NA,NA
TACGGAGGATCCGAGCGTTATCCGGATTTATTGGGTTTAAAGGGTGCGCAGGCGGACTGGTAAGTCAGGGGTGAAAATCTACGGCTCAACTGTAGACGTGCCTTTGATACTGCCGGACTAGAGTTAAGATGGAGTGGGCGGAATGTGTTGTGTAGCGGTGAAATGCTTAGATATAACACAGAACACCGATCGCGAAGGCAGCTCACTAAACTTTGACTGACGCTCATGCACGAAAGCGTGGGGATCAAACAGG,Bacteria,Bacteroidota,Bacteroidia,Sphingobacteriales,Lentimicrobiaceae,Lentimicrobium,NA,NA
TACGGAGGGTGCAAGCGTTATCCGGATTTATTGGGTTTAAAGGGTCCGTAGGCGGACTTATAAGTCAGTGGTGAAAGCCTGTCGCTTAACGATAGAACTGCCATTGATACTGTAAGTCTTGAGTATATTTGAGGTAGCTGGAATAAGTAGTGTAGCGGTGAAATGCATAGATATTACTTAGAACACCAATTGCGAAGGCAGGTTACCAAGATATAACTGACGCTGAGGGACGAAAGCGTGGGGAGCGAACAGG,Bacteria,Bacteroidota,Bacteroidia,Flavobacteriales,Weeksellaceae,Cloacibacterium,Cloacibacterium,NA
TACGAAGGGGGCTAGCGTTGTTCGGAATTACTGGGCGTAAAGCGCACGTAGGCGGACTTTTAAGTCAGGTGTGAAATCCCGGGGCTCAACCTCGGAACTGCATTTGAAACTGGAAGTCTGGAGTTCAGGAGAGGTTAGCGGAATACCGAGTGTAGAGGTGAAATTCGTAGATATTCGGTGGAACACCAGTGGCGAAGGCGGCTAACTGGACTGATACTGACGCTGAGGTGCGAAAGTGTGGGGAGCAAACAGG,Bacteria,Proteobacteria,Alphaproteobacteria,Caulobacterales,Hyphomonadaceae,Hyphomonas,NA,NA
TACGGAGAGGGCGAGCGTTGTTCGGAATTATTGGGCGTAAAGGGCGCGTAGGTGGTCTTGTAAGTCAGAAGTGAAATCCTGGAGCTTAACTTCAGAGCTGCTTTTGATACTGCTTGACTAGAGTGTAAAGTAGGGTAGCGGAATTCCTAGTGTAGAGGTGAAATTCGTAGATATTAGGAGGAACACCAGCGGCGAAGGCGGCTACCTGGGTTACTACTGACACTGAGGCGCGAAAGCGTGGGGAGCAAACAGG,Bacteria,Proteobacteria,Alphaproteobacteria,Rickettsiales,Anaplasmataceae,Candidatus Xenohaliotis,NA,NA
TACGAGGGCCCCAAGCGTTAATCGGAATCACTGGGCTTAAAGGGTGCGTAGGCGGACCGGCAAGCGTCTTGTGAAATCCCTCGGCTCAACCGGGGAATTGCAGGGCGAACTGCTGGTCTTGAGGGAGCTAGAGGCTGTCGGAACGTTCGGTGGAGCGGTGAAATGCGTAGAGATCGAACGGAACGTCGAAGGCGAAGGCAGGCAGCTGGGGCTCTCCTGACGCTCAGGCACGAAAGCGTGGGGATCAAACAGG,Bacteria,Planctomycetota,Phycisphaerae,Phycisphaerales,Phycisphaeraceae,SM1A02,NA,NA
TACAGAGGGTGCAAGCGTTAATCGGAATTACTGGGCGTAAAGGGTGCGTAGGCGGTCTGATAAGTCGGATGTGAAATCCCTGGGCTTAACCTAGGAATTGCATACGATACTGTCAGACTTGAGTACAGTAGAGGATAGTGGAATTCCACGTGTAGCGGTGAAATGCGTAGATATGTGGAGGAACACCAGTGGCGAAGGCGGCTATCTGGACTGATACTGACGCTGAGGCACGAAAGCGTGGGGAGCAAACAGG,Bacteria,Proteobacteria,Gammaproteobacteria,Beggiatoales,Beggiatoaceae,Beggiatoa,NA,NA
TACGGAAGGTGCAAGCGTTAATCGGAATCACTGGGCGTAAAGCGCTCGTAGGTTGCTTTGTAAGTCAGGTGTGAAATCCCACGGCTCAACCGTGGAATTGCACTTGATACTGCATAGCTTGAGTTCGGGAGAGGGTAGTGGAATTTCAGGTGTAGGAGTGAAATCCGTAGAGATCTGAAGGAACACCAGTGGCGAAGGCGACTACCTGGACCGATACTGACACTGAGGAGCGAAAGCGTGGGGAGCAAACAGG,Bacteria,Desulfobacterota,Desulfovibrionia,Desulfovibrionales,Desulfovibrionaceae,Desulfovibrio,NA,NA
TACGGAGGATGCAAGCGTTATCCGGATTTATTGGGTTTAAAGGGTGCGCAGGCGGAATGATAAGTCAGTGGTGAAATCCTACAGCTTAACTGTAGAACTGCCATTGATACTGTTGTTCTTGAGTACATTTGTAGTGGGCGGAATGTGTCATGTAGCGGTGAAATGCTTAGAGATGACACAGAACACCGATCGCGAAGGCAGCTCACTAAACTGTAACTGACGCTGAGGCACGAAAGCGTGGGGATCAAACAGG,Bacteria,Bacteroidota,Bacteroidia,Sphingobacteriales,Lentimicrobiaceae,NA,NA,NA
TACAGAGACCTCAAGCGTTATCCGGATTTATTGGGCGTAAAGCGCATGTAGGCGGATATGTTAGTCAGATGTCAAATCTTCGAGCTCAACTCGAAAACTGCATTTGAAACGGCATATCTAGAGAGAGCGAGAGATCAATGGAACATATGGTGTAGCAGTGAAATGCGTTGATATCATATGGAACACCAAAGGCGAAGGCATTTGGTTGGCGCTCATCTGACGCTGAGATGCGAAAGCGTGGGTAGCGAATGGG,Bacteria,Patescibacteria,Parcubacteria,Candidatus Moranbacteria,NA,NA,NA,NA
TACGGAGGGTGCAAGCGTTGTTCGGAATTACTGGGCGTAAAGCGCGCGTAGGCGGTCTGTTAAGTCAGATGTGAAAGCCCATGGCTCAACCATGGACGTGCATTTGATACTGGCAGACTTGAGTATTGGAGGGGGTGGTGGAATTCCCGGTGTAGAGGTGAAATTCGTAGATATCGGGAGGAATACCGGTGGCGAAGGCGACCACCTGGCCAAATACTGACGCTGAGGTGCGAAAGCGTGGGGAGCAAACAGG,Bacteria,Desulfobacterota,Desulfobulbia,Desulfobulbales,Desulfocapsaceae,NA,NA,NA
TACGGAGGATCCAAGCGTTGTCCGGATTTATTGGGTTTAAAGGGTGCGTAGGCGGACTTTTAAGTCAGAGGTGAAAGCCGGTAGCTTAACTATCGAATTGCCTTTGAAACTGAAAGTCTTGAATTTTGTTGAGGTAGGCGGAATGTATCATGTAGCGGTGAAATGCATAGATATGATACAGAACACCGATTGCGAAGGCAGCTTACTAAGCAAACATTGACGCTGAGGCACGAAAGCGTGGGGATCAAACAGG,Bacteria,Bacteroidota,Bacteroidia,Sphingobacteriales,NS11-12 marine group,NA,NA,NA
TACAGAGGATGCAAGCGTTATCCGGAATGATTGGGCGTAAAGCGTCTGTAGGTGGCTTTTTAAGTCCGCCGTCAAATCCCAGGGCTCAACCCTGGACAGGCGGTGGAAACTACCAAGCTGGAGTACGGTAGGGGCAGAGGGAATTTCCGGTGGAGCGGTGAAATGCGTAGAGATCGGAAAGAACACCAACGGCGAAAGCACTCTGCTGGGCCGACATTGACACTGAGAGACGAAAGCTAGGGGAGCGAATGGG,Bacteria,Cyanobacteria,Cyanobacteriia,Chloroplast,NA,NA,NA,NA
TACGGAGGGTGCAAGCGTTATCCGGATTTACTGGGTTTAAAGGGTGCGTAGGTGGGCTTTTAAGTCAGTGGTGAAATCTCCGAGCTTAACTCGGAAACTGCCATTGATACTATTAGTCTTGAATTCTGCGGAGGTTAGCGGAATAAATCATGTAGCGGTGAAATGCTTAGATATGATTTAGAACACCGATTGCGAAGGCAGCTAACTACACAGATATTGACACTGAGGCACGAAAGCGTGGGGAGCGAACAGG,Bacteria,Bacteroidota,Bacteroidia,Chitinophagales,Chitinophagaceae,Taibaiella,NA,NA
TACAGAGGTGGCAAGCGTTGTTCGGAATTACTGGGCGTAAAGGGCGCGTAGGCGGCCTTCTAAGTCGGACGTGAAAGCCCCAGGCTTAACCTGGGAACTGCGTCCGATACTGGGAGGCTTGGATTCGGGAGAGGGATGTGGAATTCCAGGTGTAGCGGTGAAATGCGTAGATATCTGGAGGAACACCGGTGGCGAAGGCGGCATCCTGGACCGAGATCGACGCTGAGGCGCGAAAGCTAGGGGAGCAAACGGG,Bacteria,Acidobacteriota,Vicinamibacteria,Vicinamibacterales,Vicinamibacteraceae,NA,NA,NA
TACGAAGGTCTCGAACGTTACTCGGATTCACTGGGCTTAAAGGGGGCGTAGGCGGACCTGTAGGTGTACTGTGAAAGCCTCCGGCTCAACCGGGGAAGGGCAGTGCAAACCACAGGTCTTGAGGCTGCTAGGGGCAACTGGAACTCTCGGTGGAGCGGTGAAATGCGTAGATATCGAGGGGAACGCCAATGGTGAAGACAGGTTGCTGGAGCAGTCCTGACGCTGAGGCCCGAAAGCGTGGGGAGCAAACGGG,Bacteria,Planctomycetota,NA,NA,NA,NA,NA,NA
TACGAAGGGGGCTAGCGTTGTTCGGAATTATTGGGCGTAAAGGGCGCGTAGGCGGCGCCGTAAGTTAGGTGTGAAAGACCTGGGCTCAACCTGGGAAGTGCACTTAATACTGCGGTGCTAGAGGACGAGAGAGGAAAGTGGAATGATGCATGTAGAGGTGAAATTCGTAGATATGCATTGGAACACCGGTGGCGAAGGCGACTTTCTGGCTCGTAACTGACGCTGAGGCGCGAAAGCGTGGGGAGCAAACAGG,Bacteria,Proteobacteria,Alphaproteobacteria,Paracaedibacterales,Paracaedibacteraceae,NA,NA,NA
