,Kingdom,Phylum,Class,Order,Family,Genus,Species
TACATAGGGTGCAAGCGTTATCCGGAATTATTGGGCGTAAAGCGTTCGTAGGCGGTTTATTAAGTCTGAAGTTAAAGCTCGGTGCTCAACACCGACCCGCTTTGGATACTGATAGACTAGAGTTATATAGAGGTTAGCGGAACTCCATGTGAAGCGGTGGAATGCGTAGATATATGGAAGAACACCAATGGCGAAGGCAGCTAACTGGATATACACTGACGCTGAGGAACGAAAGCGTGGGGAGCAAACAGG,Bacteria,Firmicutes,Bacilli,Mycoplasmatales,Mycoplasmataceae,Mycoplasma,Genus Mycoplasma
TACGTATGTCGCAAGCGTTATCCGGAATTATTGGGCGTAAAGCGAGTCTAGGCGGTTTGTTAAGTCAGATGTGAAAATGCGGGGCTCAACTCCGTATGGCCTTTGATACTGGCAAACTAGAGTACTGGAGAGGTGGGCGGAACTACAAGTGTAGAGGTGAAATTCGTAGATATTTGTAGGAATGCCGATAGTGAAGACAGCTCACTGGACAGATACTGACGCTAAAGCTCGAAAGCGTGGGGAGCAAACAGG,Bacteria,Fusobacteriota,Fusobacteriia,Fusobacteriales,Fusobacteriaceae,Psychrilyobacter,Genus Psychrilyobacter
TACGGAGGGTGCAAGCATTAATCGGGATTATTAGGCGTAAAGGGTGCGTAGGCGGCTATGTAAGTCAAATGTGAAATCCTGGGGCTTAACCCCAGGGCTGCATTTGAAACTGCATGACTAGAGGATGGACGGAGGAAGCGGAATTCTACATGTAGCGGTGAAATGCGTGGATATGTAGAAGAACACCGGTGGCGAAAGCGGCTTTCTAGTTTAATCCTGACGCTGAGGCACGATAGCAGGGGGAGCAAACAGG,Bacteria,Verrucomicrobiota,Chlamydiae,Chlamydiales,Order Chlamydiales,Order Chlamydiales,Order Chlamydiales
GACGGAGGATGCAAGTGTTATCCGGAATCACTGGGCGTAAAGCGTCTGTAGGTGGTTTAATAAGTCAACTGTTAAATCTTGAGGCTCAACTTCAAAATCGCAGTCGAAACTATTAGACTAGAGTATAGTAGAGGTAAAGGGAATTTCCAGTGGAGCGGTGAAATGCGTAGATATTGGAAAGAACACCGATGGCGAAAGCACTTTACTGGGCTATTACTAACACTCAGAGACGAAAGCTAGGGTAGCAAATGGG,Bacteria,Cyanobacteria,Cyanobacteriia,Chloroplast,Order Chloroplast,Order Chloroplast,Order Chloroplast
TACATAGGGTGCAAGCGTTATCCGGAATTATTGGGCGTAAAGCGTTCGTAGGTGGTCAAGAAAGTCTGAAGTTAAAGCTCGGGGCTCAACCCCGACCCGCTTTGGAAACTACTTGACTAGAGTCATGAAGAGGTTAGCGGAACTCCATGTGAAGCGGTGGAATGCGTAGATATATGGAAGAACACCAATGGCGAAGGCAGCTAACTGGGAATGAACTGACACTGAGGGACGAAAGCGTGGGGAGCAAACAGG,Bacteria,Firmicutes,Bacilli,Mycoplasmatales,Mycoplasmataceae,Mycoplasma,Genus Mycoplasma
GACGGAGGATGCAAGTGTTATCCGGAATCACTGGGCGTAAAGCGTCTGTAGGTGGTTTAATAAGTCGGCTGTTAAATCTTGAGGCTTAACTTCAAAACTGCAGTCGAAACTATTAGACTAGAGTATAGTAGGGGTAAAGGGAATTTCCAGTGGAGCGGTGAAATGCGTAGATATTGGAAAGAACACCGATGGCGAAGGCACTTTACTGGGCTATTACTGACACTCAGAGACGAAAGCTAGGGTAGCAAATGGG,Bacteria,Cyanobacteria,Cyanobacteriia,Chloroplast,Order Chloroplast,Order Chloroplast,Order Chloroplast
TACGGAGGGTGCAAGCGTTACTCGGAATCACTGGGCGTAAAGAGCGTGTAGGCGGGTTTGTAAGTTTGAAGTGAAATCCAATGGCTCAACCATTGAACTGCTTTGAAAACTGCTTACCTAGAATATGGGAGAGGTAGATGGAATTTCTGGTGTAGGGGTAAAATCCGTAGAGATCAGAAGGAATACCGATTGCGAAGGCGATCTACTGGAACATTATTGACGCTGAGACGCGAAAGCGTGGGGAGCAAACAGG,Bacteria,Campilobacterota,Campylobacteria,Campylobacterales,Arcobacteraceae,Poseidonibacter,lekithochrous
TTCCAGCTCCAATAGCGTATACTAATGTTGTTGCAGTTAAAAAGCTCGTAGTTGAAATTATATCTCATCAGAGATCAACCTTTATGGTGATTATTGTGAATAAATTAGAGTGTTTCAGGCAGACTACGTTTGAATACATAAGCATGGAATAATAAAATATGAATTTTTAATTTTGGTTTTAAATTTTAATGATTAATAGAAGCAATTGGGGGCATTCGTATTTAATAGTCAGAGGTAAAATTCTTGGATTTATTAAAGACGAACTAAAGCGAAAGCATTTGTCAAAGATGTTTTCATTAATCAAGAACGAAAGTTAGGGGATCAAAGACG,Eukaryota,Kingdom Eukaryota,Kingdom Eukaryota,Kingdom Eukaryota,Kingdom Eukaryota,Kingdom Eukaryota,Kingdom Eukaryota
TACGAGGGGTGCAAGCGTTAATCGGAATTACTGGGCGTAAAGCGTACGCAGGCGGTTGATTAAGCGAGATGTGAAAGCCCCGGGCTTAACCTGGGAACTGCATTTCGAACTGGTCAACTAGAGTCTTGTAGAGGGGGGTAGAATTTCAGGTGTAGCGGTGAAATGCGTAGAGATCTGAAGGAATACCGGTGGCGAAGGCGGCCCCCTGGACAAAGACTGACGCTCAGGTACGAAAGCGTGGGGAGCAAACAGG,Bacteria,Proteobacteria,Gammaproteobacteria,Alteromonadales,Shewanellaceae,Shewanella,Genus Shewanella
TACATAGGGTGCAAGCGTTATCCGGAATTATTGGGCGTAAAGCGTGCGTAGGCGGTTTACTAAGTCTGAAGTTAAAGCCTGGGGCTCAACCCCAGCCCGCTTTGGATACTGGTAGACTAGAGTTATATAGAGGTTAGCGGAACTCCATGTGAAGCGGTGGAATGCGTAGATATATGGAAGAACACCAAGAGCGAAGGCAGCTAACTGGATATACACTGACGCTGAGGCACGAAAGCGTGGGGAGCAAACAGG,Bacteria,Firmicutes,Bacilli,Mycoplasmatales,Mycoplasmataceae,Mycoplasma,Genus Mycoplasma
